sample_id,question,correct_answer,model_answer,is_correct,type,layer,mean_similarity_same_correctness,mean_similarity_different_correctness,mean_similarity_same_type,mean_similarity_all_others
0,What is the capital of France?,Paris,Paris,True,capital_easy,1,0.998196542263031,0.9975643157958984,0.9995455145835876,0.9981437921524048
1,What is the capital of Germany?,Berlin,Berlin,True,capital_easy,1,0.9982973337173462,0.9977306723594666,0.9995310306549072,0.9982501268386841
2,What is the capital of Italy?,Rome,Rome,True,capital_easy,1,0.9981992840766907,0.9974566698074341,0.9995750784873962,0.9981374144554138
3,What is the capital of Spain?,Madrid,Madrid,True,capital_easy,1,0.9980652332305908,0.9972420930862427,0.9994938969612122,0.9979967474937439
4,What is the capital of Turkey?,Ankara,Ankara,True,capital_easy,1,0.997771143913269,0.9974977970123291,0.9987061619758606,0.9977484941482544
5,What is the capital of Canada?,Ottawa,Ottawa,True,capital_easy,1,0.9981572031974792,0.9974638819694519,0.9994141459465027,0.9980995059013367
6,What is the capital of Australia?,Canberra,Canberra,True,capital_easy,1,0.9979179501533508,0.9973410367965698,0.9992355704307556,0.9978699088096619
7,What is the capital of Brazil?,Brasilia,Brasilia,True,capital_easy,1,0.9982476830482483,0.9975467324256897,0.9995830059051514,0.9981892704963684
8,What is the capital of Japan?,Tokyo,Tokyo,True,capital_easy,1,0.9983407258987427,0.9977821707725525,0.999491810798645,0.9982941150665283
9,What is the capital of Egypt?,Cairo,Cairo,True,capital_easy,1,0.9982275366783142,0.9974955320358276,0.9995216727256775,0.9981665015220642
10,What is the capital of Kazakhstan?,Astana,Astana,True,capital_medium,1,0.997883141040802,0.9974789023399353,0.9989745616912842,0.9978495240211487
11,What is the capital of Mongolia?,Ulaanbaatar,Ulaanbaatar,True,capital_medium,1,0.9982973337173462,0.9977038502693176,0.9984532594680786,0.9982478022575378
12,What is the capital of Nigeria?,Abuja,Abuja,True,capital_medium,1,0.9965000152587891,0.9962900876998901,0.9981166124343872,0.9964826107025146
13,What is the capital of Myanmar?,Naypyidaw,Naypyidaw,True,capital_hard,1,0.9980571269989014,0.9973907470703125,0.999220609664917,0.9980014562606812
14,What is the capital of Belize?,Belmopan,Belmopan,True,capital_hard,1,0.996969997882843,0.9967543482780457,0.998479425907135,0.9969520568847656
15,What is the capital of Burkina Faso?,Ouagadougou,Ouagadougou,True,capital_hard,1,0.9980749487876892,0.9977543950080872,0.9990530610084534,0.9980483651161194
16,What is the capital of Kyrgyzstan?,Bishkek,Bishkek,True,capital_hard,1,0.9983349442481995,0.9977613091468811,0.9992029666900635,0.9982871413230896
17,What is the capital of Montenegro?,Podgorica,Podgorica,True,capital_hard,1,0.9983075857162476,0.9977993369102478,0.9992002844810486,0.9982652068138123
18,What is the capital of Eswatini?,Mbabane,Mbabane,True,capital_hard,1,0.9983344674110413,0.9978616237640381,0.9988359808921814,0.9982951283454895
19,Who wrote Hamlet?,William Shakespeare,William Shakespeare,True,author_easy,1,0.9960106611251831,0.9968912601470947,0.9990540742874146,0.9960840940475464
20,Who wrote Pride and Prejudice?,Jane Austen,Jane Austen,True,author_easy,1,0.9970707893371582,0.9977442622184753,0.9990540742874146,0.9971268177032471
21,Who wrote The Trial?,Franz Kafka,Franz Kafka,True,author_medium,1,0.9973639249801636,0.9979962110519409,0.9990341663360596,0.997416615486145
22,Who wrote One Hundred Years of Solitude?,Gabriel Garcia Marquez,Gabriel Garcia Marquez,True,author_medium,1,0.9973594546318054,0.9979946613311768,0.9990196228027344,0.9974124431610107
23,Who wrote Things Fall Apart?,Chinua Achebe,Chinua Achebe,True,author_medium,1,0.9963375329971313,0.9972221851348877,0.9990631937980652,0.996411144733429
24,Who wrote The Stranger?,Albert Camus,Albert Camus,True,author_medium,1,0.9964175224304199,0.9973191022872925,0.9990736842155457,0.9964926838874817
25,Who wrote The Master and Margarita?,Mikhail Bulgakov,Mikhail Bulgakov,True,author_hard,1,0.9969746470451355,0.9977874755859375,0.9993155598640442,0.9970424175262451
26,Who wrote The Tale of Genji?,Murasaki Shikibu,Murasaki Shikibu,True,author_hard,1,0.9970798492431641,0.997786819934845,0.9992949366569519,0.9971387386322021
27,Who wrote Invisible Cities?,Italo Calvino,It was written by Italo Calvino.,True,author_hard,1,0.9963828921318054,0.9973042011260986,0.9991399645805359,0.9964595437049866
28,Who wrote The Dispossessed?,Ursula K Le Guin,Ursula K. Le Guin,True,author_hard,1,0.9973347187042236,0.9980455040931702,0.9993288516998291,0.9973938465118408
29,Who painted the Mona Lisa?,Leonardo da Vinci,Leonardo da Vinci,True,art_easy,1,0.9978751540184021,0.99782395362854,0.9993271827697754,0.9978709816932678
30,Who painted The Starry Night?,Vincent van Gogh,Vincent Van Gogh,True,art_easy,1,0.99798184633255,0.9981111884117126,0.9993271827697754,0.9979926347732544
31,Who painted Guernica?,Pablo Picasso,Pablo Picasso,True,art_medium,1,0.9977449178695679,0.9972718358039856,0.9985880851745605,0.9977055191993713
32,Who painted The Persistence of Memory?,Salvador Dali,Salvador Dali,True,art_medium,1,0.9979989528656006,0.9980702996253967,0.9988986253738403,0.9980048537254333
33,Who painted The Birth of Venus?,Sandro Botticelli,Sandro Botticelli,True,art_medium,1,0.9981421828269958,0.9979663491249084,0.9990519285202026,0.9981275200843811
34,Who painted Las Meninas?,Diego Velazquez,Diego Velazquez,True,art_hard,1,0.9981234073638916,0.997844934463501,0.9985932111740112,0.998100221157074
35,Who painted The Night Watch?,Rembrandt,Rembrandt,True,art_hard,1,0.9968045353889465,0.997334361076355,0.9981484413146973,0.9968488216400146
36,Who painted The Kiss?,Gustav Klimt,Gustav Klimt,True,art_hard,1,0.9979621171951294,0.9979031085968018,0.9989995956420898,0.9979572296142578
37,What is the chemical symbol for gold?,Au,Au,True,chemistry_easy,1,0.9979826807975769,0.9972659349441528,0.9998393058776855,0.997922956943512
38,What is the chemical symbol for water?,H2O,H2O,True,chemistry_easy,1,0.9975860118865967,0.9967687129974365,0.9998657703399658,0.9975178837776184
39,What is the chemical symbol for sodium?,Na,Na,True,chemistry_easy,1,0.9974812865257263,0.996619462966919,0.9998517036437988,0.997409462928772
40,What is the chemical symbol for potassium?,K,K,True,chemistry_easy,1,0.9976633787155151,0.9968705773353577,0.999833345413208,0.9975971579551697
41,What is the chemical symbol for tungsten?,W,W,True,chemistry_medium,1,0.9978688359260559,0.9972454905509949,0.9996828436851501,0.9978169202804565
42,What is the chemical symbol for silver?,Ag,Ag,True,chemistry_medium,1,0.9978371858596802,0.9970905780792236,0.9998252391815186,0.9977749586105347
43,What is the chemical symbol for lead?,Pb,Pb,True,chemistry_medium,1,0.9978500008583069,0.9972047805786133,0.9997677803039551,0.9977962970733643
44,What is the chemical symbol for mercury?,Hg,Hg,True,chemistry_medium,1,0.9976842999458313,0.9968816041946411,0.9998020529747009,0.9976174831390381
45,What is the chemical symbol for antimony?,Sb,Sb,True,chemistry_hard,1,0.9979640245437622,0.9972636699676514,0.9996310472488403,0.9979056715965271
46,What is the chemical symbol for tin?,Sn,Sn,True,chemistry_hard,1,0.9980673789978027,0.9975066781044006,0.9996310472488403,0.9980206489562988
47,What planet is known as the Red Planet?,Mars,Mars,True,science_easy,1,0.9978734850883484,0.9977047443389893,0.9984506368637085,0.9978594779968262
48,What is the largest planet in the Solar System?,Jupiter,Jupiter,True,science_easy,1,0.9979923963546753,0.9976542592048645,0.9990708231925964,0.9979642033576965
49,What gas do plants absorb from the atmosphere?,carbon dioxide,Carbon dioxide,True,science_easy,1,0.9977349042892456,0.997054398059845,0.999111533164978,0.9976782202720642
50,What is the closest planet to the Sun?,Mercury,Mercury,True,science_easy,1,0.9979044795036316,0.9973375797271729,0.999286949634552,0.9978572130203247
51,What is the hardest natural substance?,diamond,Diamond,True,science_medium,1,0.9972696304321289,0.9964284896850586,0.9988941550254822,0.9971995949745178
52,What is the SI unit of electric current?,ampere,Ampere,True,physics_medium,1,0.9971150159835815,0.9966098070144653,0.998066782951355,0.9970728754997253
53,Who developed the theory of relativity?,Albert Einstein,Albert Einstein,True,physics_easy,1,0.9971060156822205,0.9967212677001953,0.9989944100379944,0.9970738887786865
54,What is the atomic number of carbon?,6,6,True,science_easy,1,0.9975312948226929,0.9967667460441589,0.9991129636764526,0.997467577457428
55,What is the atomic number of oxygen?,8,8,True,science_easy,1,0.9973620772361755,0.9965523481369019,0.9990202188491821,0.9972946047782898
56,What is the atomic number of iron?,26,26,True,science_medium,1,0.9974838495254517,0.9966850280761719,0.9990574717521667,0.9974173307418823
57,What is the atomic number of gold?,79,79,True,science_medium,1,0.997798502445221,0.9970722198486328,0.9991028904914856,0.9977378845214844
58,What is the atomic number of uranium?,92,92,True,science_medium,1,0.9976075291633606,0.9968839287757874,0.9988633394241333,0.9975471496582031
59,What is the capital of Nauru?,Yaren,Yaren,True,capital_very_hard,1,0.9983168840408325,0.9979040622711182,0.998950183391571,0.9982825517654419
60,What is the capital of Tuvalu?,Funafuti,Funafuti,True,capital_very_hard,1,0.9980355501174927,0.9973503947257996,0.9985551834106445,0.9979784488677979
61,What is the capital of Kiribati?,South Tarawa,Tarawa,True,capital_very_hard,1,0.9983693957328796,0.9978415966033936,0.9990238547325134,0.9983252882957458
62,What is the capital of Palau?,Ngerulmud,Ngerulmud,True,capital_very_hard,1,0.9982351660728455,0.9975734353065491,0.9987561106681824,0.9981800317764282
63,What is the capital of Micronesia?,Palikir,Palikir,True,capital_very_hard,1,0.9982271194458008,0.997894287109375,0.9986881017684937,0.9981994032859802
64,What is the capital of Comoros?,Moroni,Moroni,True,capital_very_hard,1,0.998440682888031,0.9980326890945435,0.9989980459213257,0.9984066486358643
65,What is the capital of Eritrea?,Asmara,Asmara,True,capital_very_hard,1,0.9983162879943848,0.9979272484779358,0.9988569021224976,0.9982838034629822
66,What is the capital of Timor-Leste?,Dili,Dili,True,capital_very_hard,1,0.9956055283546448,0.995809018611908,0.996134340763092,0.9956225156784058
67,Who wrote Pedro Paramo?,Juan Rulfo,Juan Rulfo,True,author_very_hard,1,0.9971805810928345,0.9978042244911194,0.9989252090454102,0.9972326755523682
68,Who wrote The Book of Disquiet?,Fernando Pessoa,Fernando Pessoa,True,author_very_hard,1,0.9975922703742981,0.9981918334960938,0.9991824626922607,0.9976422190666199
69,Who wrote Season of Migration to the North?,Tayeb Salih,Wole Soyinka,False,author_very_hard,1,0.9972707629203796,0.9968768358230591,0.9989757537841797,0.996906042098999
70,Who wrote The Leopard?,Giuseppe Tomasi di Lampedusa,Giuseppe Tomasi di Lampedusa,True,author_very_hard,1,0.9968258738517761,0.9976536631584167,0.9991319179534912,0.996894896030426
71,Who painted The Garden of Earthly Delights?,Hieronymus Bosch,Hieronymus Bosch,True,art_very_hard,1,0.9980798363685608,0.9979298710823059,0.998742938041687,0.998067319393158
72,Who painted The Arnolfini Portrait?,Jan van Eyck,Jan van Eyck,True,art_very_hard,1,0.9978650212287903,0.9981028437614441,0.9988964796066284,0.9978847503662109
73,Who painted The Raft of the Medusa?,Theodore Gericault,Theodore Gericault,True,art_very_hard,1,0.9979108572006226,0.9979453682899475,0.9986029863357544,0.9979137182235718
74,Who discovered penicillin?,Alexander Fleming,Alexander Fleming,True,science_medium,1,0.997128963470459,0.9964972734451294,0.9986687898635864,0.9970763325691223
75,Who discovered the electron?,J J Thomson,J.J. Thomson,True,science_hard,1,0.9971674084663391,0.9964148998260498,0.999342679977417,0.9971047043800354
76,Who discovered the neutron?,James Chadwick,James Chadwick,True,science_hard,1,0.9978008270263672,0.9973106384277344,0.999342679977417,0.997759997844696
77,Who proposed the uncertainty principle?,Werner Heisenberg,Heisenberg,True,physics_medium,1,0.997527003288269,0.9971163868904114,0.9990332722663879,0.9974926710128784
78,Who wrote The Cairo Trilogy?,Naguib Mahfouz,Naguib Mahfouz,True,author_very_hard,1,0.9957219958305359,0.9968655705451965,0.9989643692970276,0.995817244052887
79,Who wrote The Bridge on the Drina?,Ivo Andric,Ivo Andric,True,author_very_hard,1,0.9960282444953918,0.9968947172164917,0.9984713196754456,0.9961005449295044
80,Who wrote The General in His Labyrinth?,Gabriel Garcia Marquez,John Buchan,False,author_very_hard,1,0.9973010420799255,0.9967373609542847,0.9988985657691956,0.996779203414917
81,Who wrote Ficciones?,Jorge Luis Borges,Jorge Luis Borges,True,author_very_hard,1,0.9969872236251831,0.9974794387817383,0.9981943368911743,0.9970282316207886
82,Who wrote The Blind Owl?,Sadegh Hedayat,Rainer Maria Rilke,False,author_very_hard,1,0.9974810481071472,0.9969003796577454,0.9992147088050842,0.9969434142112732
83,Who wrote The Museum of Innocence?,Orhan Pamuk,Orhan Pamuk,True,author_very_hard,1,0.9974657297134399,0.9981014728546143,0.9991061687469482,0.9975185990333557
84,Who wrote The Sound of the Mountain?,Yasunari Kawabata,The Sound of the Mountain was written by the famous Chinese writer Lu Xun.,False,author_very_hard,1,0.9981203675270081,0.9978820085525513,0.9989807605743408,0.9978996515274048
85,Who wrote The Makioka Sisters?,Junichiro Tanizaki,Junichiro Tanizaki,True,author_very_hard,1,0.9961808323860168,0.9971900582313538,0.9991053342819214,0.9962648749351501
86,Who wrote The Famished Road?,Ben Okri,Ben Okri,True,author_very_hard,1,0.9954529404640198,0.9966502785682678,0.998721182346344,0.9955527782440186
87,Who wrote The Palm-Wine Drinkard?,Amos Tutuola,Amos Tutuola,True,author_very_hard,1,0.996758759021759,0.9974921345710754,0.998895525932312,0.9968199729919434
88,Who painted The Third of May 1808?,Francisco Goya,Francisco Goya,True,art_very_hard,1,0.9974349737167358,0.9972392320632935,0.9979310035705566,0.9974186420440674
89,Who painted The Ambassadors?,Hans Holbein,Hans Holbein the Younger,True,art_very_hard,1,0.9979164004325867,0.9979479312896729,0.9986222386360168,0.997918963432312
90,Who painted The School of Athens?,Raphael,Raphael,True,art_very_hard,1,0.9979787468910217,0.9979962110519409,0.9988081455230713,0.9979802370071411
91,Who painted The Maids of Honour?,Diego Velazquez,John Everett Millais,False,art_very_hard,1,0.9975053071975708,0.9973706603050232,0.9984310865402222,0.997380793094635
92,Who painted The Gross Clinic?,Thomas Eakins,Edward Hopper,False,art_very_hard,1,0.9977783560752869,0.9980469346046448,0.9987732768058777,0.9980270862579346
93,Who painted Christina's World?,Andrew Wyeth,Andrew Wyeth,True,art_very_hard,1,0.9979994297027588,0.9978621602058411,0.9986793398857117,0.9979878664016724
94,Who discovered argon?,Lord Rayleigh,Sir William Ramsay,False,science_very_hard,1,0.996495246887207,0.9974214434623718,0.9987466931343079,0.9973528981208801
95,Who discovered radium?,Marie Curie,Marie Curie,True,science_medium,1,0.9975265860557556,0.9969056248664856,0.9990026354789734,0.9974749684333801
96,Who discovered the positron?,Carl Anderson,Carl Anderson,True,physics_very_hard,1,0.9977498054504395,0.9972053170204163,0.9991900324821472,0.9977043271064758
97,Who discovered the muon?,Carl Anderson,Wolfgang Pauli,False,physics_very_hard,1,0.9970654845237732,0.9977321624755859,0.9991900324821472,0.9976826906204224
98,Who proposed the exclusion principle?,Wolfgang Pauli,Ernest Rutherford,False,physics_medium,1,0.9967565536499023,0.9975324869155884,0.9989597797393799,0.9974750280380249
99,Who formulated the laws of planetary motion?,Johannes Kepler,Kepler,True,physics_easy,1,0.9979942440986633,0.9977213740348816,0.9989944100379944,0.9979714155197144
100,Who first proposed continental drift?,Alfred Wegener,Alfred Wegener,True,science_medium,1,0.9981704354286194,0.9978448152542114,0.9988848567008972,0.9981433153152466
101,Who developed the polio vaccine?,Jonas Salk,Jonas Salk,True,science_medium,1,0.9980255961418152,0.9976211190223694,0.998795211315155,0.9979919791221619
102,Who discovered streptomycin?,Selman Waksman,Selman Waksman,True,science_very_hard,1,0.9970858097076416,0.9965722560882568,0.9987466931343079,0.9970429539680481
103,What is the capital of Lesotho?,Maseru,Maseru,True,capital_hard,1,0.998176097869873,0.9974282383918762,0.9988023638725281,0.9981138706207275
104,What is the capital of Bhutan?,Thimphu,Thimphu,True,capital_hard,1,0.997805118560791,0.997131884098053,0.9990295171737671,0.9977490305900574
105,What is the capital of Suriname?,Paramaribo,Paramaribo,True,capital_hard,1,0.9981597065925598,0.9975978136062622,0.999172031879425,0.9981128573417664
106,What is the capital of Guyana?,Georgetown,Georgetown,True,capital_hard,1,0.9959956407546997,0.9959498643875122,0.9977424144744873,0.9959918260574341
107,What is the capital of Vanuatu?,Port Vila,Port Vila,True,capital_hard,1,0.9980213046073914,0.9976847767829895,0.9992322325706482,0.9979934096336365
108,What is the capital of Samoa?,Apia,Apia,True,capital_hard,1,0.998170018196106,0.997691810131073,0.9990556836128235,0.9981301426887512
0,What is the capital of France?,Paris,Paris,True,capital_easy,2,0.997036874294281,0.9960610866546631,0.9992900490760803,0.9969555139541626
1,What is the capital of Germany?,Berlin,Berlin,True,capital_easy,2,0.99698805809021,0.9961174726486206,0.9991713762283325,0.9969154596328735
2,What is the capital of Italy?,Rome,Rome,True,capital_easy,2,0.9970427751541138,0.9960987567901611,0.9992449283599854,0.996964156627655
3,What is the capital of Spain?,Madrid,Madrid,True,capital_easy,2,0.9968401193618774,0.9957842230796814,0.9991404414176941,0.9967520833015442
4,What is the capital of Turkey?,Ankara,Ankara,True,capital_easy,2,0.9964251518249512,0.9956874847412109,0.99840247631073,0.9963635206222534
5,What is the capital of Canada?,Ottawa,Ottawa,True,capital_easy,2,0.996864378452301,0.9959279298782349,0.9989047646522522,0.9967862367630005
6,What is the capital of Australia?,Canberra,Canberra,True,capital_easy,2,0.9966690540313721,0.9957342147827148,0.9988141655921936,0.9965910315513611
7,What is the capital of Brazil?,Brasilia,Brasilia,True,capital_easy,2,0.9971324801445007,0.9960963129997253,0.999253511428833,0.9970462322235107
8,What is the capital of Japan?,Tokyo,Tokyo,True,capital_easy,2,0.9970929622650146,0.9962847232818604,0.9990321397781372,0.9970256686210632
9,What is the capital of Egypt?,Cairo,Cairo,True,capital_easy,2,0.996970534324646,0.9958024621009827,0.9990687966346741,0.9968731999397278
10,What is the capital of Kazakhstan?,Astana,Astana,True,capital_medium,2,0.9952613711357117,0.994374692440033,0.9960614442825317,0.995187520980835
11,What is the capital of Mongolia?,Ulaanbaatar,Ulaanbaatar,True,capital_medium,2,0.9965552687644958,0.9955637454986572,0.9961414933204651,0.9964727759361267
12,What is the capital of Nigeria?,Abuja,Abuja,True,capital_medium,2,0.9919788241386414,0.9910187125205994,0.9934042692184448,0.9918988347053528
13,What is the capital of Myanmar?,Naypyidaw,Naypyidaw,True,capital_hard,2,0.9965704083442688,0.9953603744506836,0.9984082579612732,0.9964694380760193
14,What is the capital of Belize?,Belmopan,Belmopan,True,capital_hard,2,0.9953897595405579,0.9948283433914185,0.997553825378418,0.995343029499054
15,What is the capital of Burkina Faso?,Ouagadougou,Ouagadougou,True,capital_hard,2,0.9964023232460022,0.9954874515533447,0.9983236193656921,0.9963261485099792
16,What is the capital of Kyrgyzstan?,Bishkek,Bishkek,True,capital_hard,2,0.9964965581893921,0.9954007267951965,0.9980752468109131,0.9964051246643066
17,What is the capital of Montenegro?,Podgorica,Podgorica,True,capital_hard,2,0.9961884021759033,0.9953140616416931,0.9978366494178772,0.996115505695343
18,What is the capital of Eswatini?,Mbabane,Mbabane,True,capital_hard,2,0.9953488707542419,0.9941072463989258,0.9970986843109131,0.9952454566955566
19,Who wrote Hamlet?,William Shakespeare,William Shakespeare,True,author_easy,2,0.9943035244941711,0.9957957863807678,0.9983875155448914,0.9944278597831726
20,Who wrote Pride and Prejudice?,Jane Austen,Jane Austen,True,author_easy,2,0.9957938194274902,0.9968844652175903,0.9983875155448914,0.9958847165107727
21,Who wrote The Trial?,Franz Kafka,Franz Kafka,True,author_medium,2,0.9961405992507935,0.9972782135009766,0.9985178112983704,0.9962353706359863
22,Who wrote One Hundred Years of Solitude?,Gabriel Garcia Marquez,Gabriel Garcia Marquez,True,author_medium,2,0.995756208896637,0.9970023036003113,0.9983463287353516,0.9958599209785461
23,Who wrote Things Fall Apart?,Chinua Achebe,Chinua Achebe,True,author_medium,2,0.9945387244224548,0.9961236119270325,0.9982989430427551,0.9946707487106323
24,Who wrote The Stranger?,Albert Camus,Albert Camus,True,author_medium,2,0.9949759244918823,0.9965884685516357,0.9986160397529602,0.995110273361206
25,Who wrote The Master and Margarita?,Mikhail Bulgakov,Mikhail Bulgakov,True,author_hard,2,0.9956709146499634,0.9969723224639893,0.9979828000068665,0.9957793951034546
26,Who wrote The Tale of Genji?,Murasaki Shikibu,Murasaki Shikibu,True,author_hard,2,0.9954981803894043,0.9965859651565552,0.9977596402168274,0.9955889582633972
27,Who wrote Invisible Cities?,Italo Calvino,It was written by Italo Calvino.,True,author_hard,2,0.9948201775550842,0.9962825775146484,0.9977337718009949,0.9949420094490051
28,Who wrote The Dispossessed?,Ursula K Le Guin,Ursula K. Le Guin,True,author_hard,2,0.9939682483673096,0.9953867793083191,0.9971140027046204,0.9940864443778992
29,Who painted the Mona Lisa?,Leonardo da Vinci,Leonardo da Vinci,True,art_easy,2,0.9965818524360657,0.9970873594284058,0.9990159869194031,0.9966240525245667
30,Who painted The Starry Night?,Vincent van Gogh,Vincent Van Gogh,True,art_easy,2,0.9964162111282349,0.9972832798957825,0.9990159869194031,0.9964885115623474
31,Who painted Guernica?,Pablo Picasso,Pablo Picasso,True,art_medium,2,0.9965601563453674,0.9965342283248901,0.9972575902938843,0.9965579509735107
32,Who painted The Persistence of Memory?,Salvador Dali,Salvador Dali,True,art_medium,2,0.9954839944839478,0.9961857199668884,0.9972366094589233,0.9955424666404724
33,Who painted The Birth of Venus?,Sandro Botticelli,Sandro Botticelli,True,art_medium,2,0.9967679977416992,0.9970617294311523,0.9980888366699219,0.9967925548553467
34,Who painted Las Meninas?,Diego Velazquez,Diego Velazquez,True,art_hard,2,0.9968341588973999,0.9970610737800598,0.9984295964241028,0.9968531131744385
35,Who painted The Night Watch?,Rembrandt,Rembrandt,True,art_hard,2,0.9956839680671692,0.9969189763069153,0.9982700347900391,0.9957869648933411
36,Who painted The Kiss?,Gustav Klimt,Gustav Klimt,True,art_hard,2,0.9961591958999634,0.9969639182090759,0.9988534450531006,0.9962262511253357
37,What is the chemical symbol for gold?,Au,Au,True,chemistry_easy,2,0.9966307282447815,0.9956320524215698,0.9996801018714905,0.9965475797653198
38,What is the chemical symbol for water?,H2O,H2O,True,chemistry_easy,2,0.9960852861404419,0.9949260354042053,0.9997866153717041,0.9959886074066162
39,What is the chemical symbol for sodium?,Na,Na,True,chemistry_easy,2,0.9958194494247437,0.9945919513702393,0.9997682571411133,0.9957171082496643
40,What is the chemical symbol for potassium?,K,K,True,chemistry_easy,2,0.9960381984710693,0.9948603510856628,0.9997500777244568,0.9959401488304138
41,What is the chemical symbol for tungsten?,W,W,True,chemistry_medium,2,0.9960238337516785,0.9950313568115234,0.9995328783988953,0.995941162109375
42,What is the chemical symbol for silver?,Ag,Ag,True,chemistry_medium,2,0.9964221715927124,0.9953910112380981,0.9997265934944153,0.9963364005088806
43,What is the chemical symbol for lead?,Pb,Pb,True,chemistry_medium,2,0.9963878393173218,0.995492696762085,0.9996766448020935,0.9963131546974182
44,What is the chemical symbol for mercury?,Hg,Hg,True,chemistry_medium,2,0.9960486888885498,0.9948504567146301,0.9996531009674072,0.995948851108551
45,What is the chemical symbol for antimony?,Sb,Sb,True,chemistry_hard,2,0.9964191317558289,0.9953455328941345,0.9996312260627747,0.9963297247886658
46,What is the chemical symbol for tin?,Sn,Sn,True,chemistry_hard,2,0.9965575337409973,0.9956279397010803,0.9996312260627747,0.9964801073074341
47,What planet is known as the Red Planet?,Mars,Mars,True,science_easy,2,0.9968901872634888,0.9967410564422607,0.997769832611084,0.996877908706665
48,What is the largest planet in the Solar System?,Jupiter,Jupiter,True,science_easy,2,0.9965428113937378,0.9960301518440247,0.9983347058296204,0.9965000748634338
49,What gas do plants absorb from the atmosphere?,carbon dioxide,Carbon dioxide,True,science_easy,2,0.9962447881698608,0.9952427744865417,0.9982770681381226,0.9961613416671753
50,What is the closest planet to the Sun?,Mercury,Mercury,True,science_easy,2,0.9967115521430969,0.9959774017333984,0.9985777139663696,0.9966503977775574
51,What is the hardest natural substance?,diamond,Diamond,True,science_medium,2,0.9960485696792603,0.9950973987579346,0.9977013468742371,0.9959694147109985
52,What is the SI unit of electric current?,ampere,Ampere,True,physics_medium,2,0.9944748282432556,0.9932922720909119,0.9961133003234863,0.9943763017654419
53,Who developed the theory of relativity?,Albert Einstein,Albert Einstein,True,physics_easy,2,0.9956838488578796,0.9951982498168945,0.9984557032585144,0.9956433773040771
54,What is the atomic number of carbon?,6,6,True,science_easy,2,0.9955780506134033,0.9942919611930847,0.9983660578727722,0.9954708814620972
55,What is the atomic number of oxygen?,8,8,True,science_easy,2,0.9950279593467712,0.9934998750686646,0.998038649559021,0.9949005842208862
56,What is the atomic number of iron?,26,26,True,science_medium,2,0.9955607652664185,0.9942101240158081,0.9977750778198242,0.9954482913017273
57,What is the atomic number of gold?,79,79,True,science_medium,2,0.9958913922309875,0.9946590065956116,0.9977687001228333,0.9957886934280396
58,What is the atomic number of uranium?,92,92,True,science_medium,2,0.9956401586532593,0.9943703413009644,0.9975901246070862,0.995534360408783
59,What is the capital of Nauru?,Yaren,Yaren,True,capital_very_hard,2,0.9969306588172913,0.99616938829422,0.9985100626945496,0.9968672394752502
60,What is the capital of Tuvalu?,Funafuti,Funafuti,True,capital_very_hard,2,0.9967316389083862,0.9956328868865967,0.9982558488845825,0.9966400265693665
61,What is the capital of Kiribati?,South Tarawa,Tarawa,True,capital_very_hard,2,0.9968873858451843,0.99590003490448,0.9986067414283752,0.9968051910400391
62,What is the capital of Palau?,Ngerulmud,Ngerulmud,True,capital_very_hard,2,0.9971200227737427,0.9962043762207031,0.9984880089759827,0.9970436692237854
63,What is the capital of Micronesia?,Palikir,Palikir,True,capital_very_hard,2,0.9969971179962158,0.9963877201080322,0.998310387134552,0.996946394443512
64,What is the capital of Comoros?,Moroni,Moroni,True,capital_very_hard,2,0.9972370862960815,0.9964780807495117,0.9986045956611633,0.9971737861633301
65,What is the capital of Eritrea?,Asmara,Asmara,True,capital_very_hard,2,0.9963884949684143,0.9954605102539062,0.9980881810188293,0.9963111877441406
66,What is the capital of Timor-Leste?,Dili,Dili,True,capital_very_hard,2,0.9947996735572815,0.9946083426475525,0.9963946342468262,0.9947836399078369
67,Who wrote Pedro Paramo?,Juan Rulfo,Juan Rulfo,True,author_very_hard,2,0.995726466178894,0.9967172145843506,0.9978628754615784,0.995809018611908
68,Who wrote The Book of Disquiet?,Fernando Pessoa,Fernando Pessoa,True,author_very_hard,2,0.9957308769226074,0.9968534111976624,0.9980027675628662,0.99582439661026
69,Who wrote Season of Migration to the North?,Tayeb Salih,Wole Soyinka,False,author_very_hard,2,0.9958496689796448,0.9950912594795227,0.9974203705787659,0.9951474666595459
70,Who wrote The Leopard?,Giuseppe Tomasi di Lampedusa,Giuseppe Tomasi di Lampedusa,True,author_very_hard,2,0.9955113530158997,0.9968560338020325,0.9982548952102661,0.9956233501434326
71,Who painted The Garden of Earthly Delights?,Hieronymus Bosch,Hieronymus Bosch,True,art_very_hard,2,0.996818482875824,0.9972299933433533,0.9981926679611206,0.9968528747558594
72,Who painted The Arnolfini Portrait?,Jan van Eyck,Jan van Eyck,True,art_very_hard,2,0.9957107901573181,0.9967402219772339,0.9979633688926697,0.9957965016365051
73,Who painted The Raft of the Medusa?,Theodore Gericault,Theodore Gericault,True,art_very_hard,2,0.9963251948356628,0.9970490336418152,0.9979815483093262,0.9963855147361755
74,Who discovered penicillin?,Alexander Fleming,Alexander Fleming,True,science_medium,2,0.9954549670219421,0.9952449798583984,0.9971537590026855,0.995437502861023
75,Who discovered the electron?,J J Thomson,J.J. Thomson,True,science_hard,2,0.9957867860794067,0.9950169324874878,0.9990136027336121,0.9957226514816284
76,Who discovered the neutron?,James Chadwick,James Chadwick,True,science_hard,2,0.9964142441749573,0.996150553226471,0.9990136027336121,0.9963921904563904
77,Who proposed the uncertainty principle?,Werner Heisenberg,Heisenberg,True,physics_medium,2,0.9956414699554443,0.9950839281082153,0.9980815052986145,0.9955950975418091
78,Who wrote The Cairo Trilogy?,Naguib Mahfouz,Naguib Mahfouz,True,author_very_hard,2,0.9939841032028198,0.9957669377326965,0.9979531764984131,0.9941326379776001
79,Who wrote The Bridge on the Drina?,Ivo Andric,Ivo Andric,True,author_very_hard,2,0.9942700266838074,0.9957261681556702,0.9973303079605103,0.9943913817405701
80,Who wrote The General in His Labyrinth?,Gabriel Garcia Marquez,John Buchan,False,author_very_hard,2,0.9959894418716431,0.9947518110275269,0.9978892803192139,0.9948436617851257
81,Who wrote Ficciones?,Jorge Luis Borges,Jorge Luis Borges,True,author_very_hard,2,0.9950998425483704,0.996149480342865,0.9971898794174194,0.9951874017715454
82,Who wrote The Blind Owl?,Sadegh Hedayat,Rainer Maria Rilke,False,author_very_hard,2,0.9964226484298706,0.9951300621032715,0.9983237385749817,0.9952257871627808
83,Who wrote The Museum of Innocence?,Orhan Pamuk,Orhan Pamuk,True,author_very_hard,2,0.995563805103302,0.9967791438102722,0.9978835582733154,0.9956649541854858
84,Who wrote The Sound of the Mountain?,Yasunari Kawabata,The Sound of the Mountain was written by the famous Chinese writer Lu Xun.,False,author_very_hard,2,0.996926486492157,0.9960678815841675,0.9980019927024841,0.9961314797401428
85,Who wrote The Makioka Sisters?,Junichiro Tanizaki,Junichiro Tanizaki,True,author_very_hard,2,0.9947261810302734,0.9963319301605225,0.9983294606208801,0.9948601126670837
86,Who wrote The Famished Road?,Ben Okri,Ben Okri,True,author_very_hard,2,0.9931405782699585,0.9951640367507935,0.9974705576896667,0.9933091402053833
87,Who wrote The Palm-Wine Drinkard?,Amos Tutuola,Amos Tutuola,True,author_very_hard,2,0.9950721859931946,0.9963250756263733,0.9977647066116333,0.9951766133308411
88,Who painted The Third of May 1808?,Francisco Goya,Francisco Goya,True,art_very_hard,2,0.9955692291259766,0.9958787560462952,0.9968766570091248,0.9955950379371643
89,Who painted The Ambassadors?,Hans Holbein,Hans Holbein the Younger,True,art_very_hard,2,0.9966906905174255,0.9972050786018372,0.9981696605682373,0.9967336058616638
90,Who painted The School of Athens?,Raphael,Raphael,True,art_very_hard,2,0.9964314699172974,0.9969767332077026,0.9979898929595947,0.9964768886566162
91,Who painted The Maids of Honour?,Diego Velazquez,John Everett Millais,False,art_very_hard,2,0.9965808987617493,0.9962640404701233,0.9978150129318237,0.9962875247001648
92,Who painted The Gross Clinic?,Thomas Eakins,Edward Hopper,False,art_very_hard,2,0.9969475865364075,0.9967460036277771,0.9980422258377075,0.9967609643936157
93,Who painted Christina's World?,Andrew Wyeth,Andrew Wyeth,True,art_very_hard,2,0.9964233040809631,0.9969451427459717,0.9980165958404541,0.9964668154716492
94,Who discovered argon?,Lord Rayleigh,Sir William Ramsay,False,science_very_hard,2,0.9956055879592896,0.9961636066436768,0.998269259929657,0.9961223006248474
95,Who discovered radium?,Marie Curie,Marie Curie,True,science_medium,2,0.9962767958641052,0.9959625601768494,0.9978818297386169,0.9962505102157593
96,Who discovered the positron?,Carl Anderson,Carl Anderson,True,physics_very_hard,2,0.9964876174926758,0.9962338209152222,0.9986207485198975,0.9964663982391357
97,Who discovered the muon?,Carl Anderson,Wolfgang Pauli,False,physics_very_hard,2,0.9956995844841003,0.9962576031684875,0.9986207485198975,0.9962162971496582
98,Who proposed the exclusion principle?,Wolfgang Pauli,Ernest Rutherford,False,physics_medium,2,0.9948102235794067,0.9956672787666321,0.9974910020828247,0.9956036806106567
99,Who formulated the laws of planetary motion?,Johannes Kepler,Kepler,True,physics_easy,2,0.996362030506134,0.9958488941192627,0.9984557032585144,0.9963192939758301
100,Who first proposed continental drift?,Alfred Wegener,Alfred Wegener,True,science_medium,2,0.9969830513000488,0.9969751834869385,0.9975355267524719,0.9969823360443115
101,Who developed the polio vaccine?,Jonas Salk,Jonas Salk,True,science_medium,2,0.9963642954826355,0.9960952401161194,0.9972972869873047,0.9963418245315552
102,Who discovered streptomycin?,Selman Waksman,Selman Waksman,True,science_very_hard,2,0.9956220984458923,0.9953789114952087,0.998269259929657,0.9956019520759583
103,What is the capital of Lesotho?,Maseru,Maseru,True,capital_hard,2,0.9968249201774597,0.9956474304199219,0.9982438683509827,0.9967266917228699
104,What is the capital of Bhutan?,Thimphu,Thimphu,True,capital_hard,2,0.9962529540061951,0.9949787855148315,0.9980026483535767,0.9961467981338501
105,What is the capital of Suriname?,Paramaribo,Paramaribo,True,capital_hard,2,0.9966222047805786,0.9957125782966614,0.9983672499656677,0.9965463280677795
106,What is the capital of Guyana?,Georgetown,Georgetown,True,capital_hard,2,0.9944711327552795,0.9939237236976624,0.9970656037330627,0.9944255948066711
107,What is the capital of Vanuatu?,Port Vila,Port Vila,True,capital_hard,2,0.996696949005127,0.9959291815757751,0.9985410571098328,0.9966328740119934
108,What is the capital of Samoa?,Apia,Apia,True,capital_hard,2,0.9969240427017212,0.9962053298950195,0.9983225464820862,0.9968641996383667
0,What is the capital of France?,Paris,Paris,True,capital_easy,3,0.9926612377166748,0.9906685948371887,0.9988208413124084,0.9924952387809753
1,What is the capital of Germany?,Berlin,Berlin,True,capital_easy,3,0.9929500818252563,0.9909607768058777,0.99876469373703,0.9927842020988464
2,What is the capital of Italy?,Rome,Rome,True,capital_easy,3,0.992714524269104,0.9907240271568298,0.9988389611244202,0.9925486445426941
3,What is the capital of Spain?,Madrid,Madrid,True,capital_easy,3,0.9926600456237793,0.9905449748039246,0.9987180233001709,0.992483913898468
4,What is the capital of Turkey?,Ankara,Ankara,True,capital_easy,3,0.9915902614593506,0.9896765947341919,0.9975519180297852,0.9914307594299316
5,What is the capital of Canada?,Ottawa,Ottawa,True,capital_easy,3,0.9927128553390503,0.9910615086555481,0.9982564449310303,0.9925754070281982
6,What is the capital of Australia?,Canberra,Canberra,True,capital_easy,3,0.9926064014434814,0.9904536008834839,0.9982815980911255,0.9924270510673523
7,What is the capital of Brazil?,Brasilia,Brasilia,True,capital_easy,3,0.9926289319992065,0.9902319312095642,0.9987273812294006,0.992429256439209
8,What is the capital of Japan?,Tokyo,Tokyo,True,capital_easy,3,0.9933908581733704,0.9918093085289001,0.9985290169715881,0.9932590126991272
9,What is the capital of Egypt?,Cairo,Cairo,True,capital_easy,3,0.9926192760467529,0.9898312091827393,0.9985231757164001,0.9923869371414185
10,What is the capital of Kazakhstan?,Astana,Astana,True,capital_medium,3,0.9855021238327026,0.9842309951782227,0.9898214340209961,0.9853962659835815
11,What is the capital of Mongolia?,Ulaanbaatar,Ulaanbaatar,True,capital_medium,3,0.9914321899414062,0.9901200532913208,0.992341160774231,0.9913227558135986
12,What is the capital of Nigeria?,Abuja,Abuja,True,capital_medium,3,0.9843592643737793,0.981770396232605,0.9859616756439209,0.9841436743736267
13,What is the capital of Myanmar?,Naypyidaw,Naypyidaw,True,capital_hard,3,0.9921069741249084,0.9899527430534363,0.9970408082008362,0.9919273853302002
14,What is the capital of Belize?,Belmopan,Belmopan,True,capital_hard,3,0.9910312294960022,0.990687370300293,0.9956861138343811,0.9910025000572205
15,What is the capital of Burkina Faso?,Ouagadougou,Ouagadougou,True,capital_hard,3,0.9913484454154968,0.9889535903930664,0.9964773058891296,0.991148829460144
16,What is the capital of Kyrgyzstan?,Bishkek,Bishkek,True,capital_hard,3,0.9900726675987244,0.9875973463058472,0.9951325058937073,0.9898664951324463
17,What is the capital of Montenegro?,Podgorica,Podgorica,True,capital_hard,3,0.9889434576034546,0.9889214038848877,0.9938539266586304,0.9889415502548218
18,What is the capital of Eswatini?,Mbabane,Mbabane,True,capital_hard,3,0.9892278909683228,0.986237108707428,0.9942744970321655,0.9889788031578064
19,Who wrote Hamlet?,William Shakespeare,William Shakespeare,True,author_easy,3,0.9818472862243652,0.9878583550453186,0.9945921301841736,0.9823482632637024
20,Who wrote Pride and Prejudice?,Jane Austen,Jane Austen,True,author_easy,3,0.9900042414665222,0.993163526058197,0.9945921301841736,0.9902675151824951
21,Who wrote The Trial?,Franz Kafka,Franz Kafka,True,author_medium,3,0.9900051951408386,0.993633508682251,0.996161699295044,0.9903073906898499
22,Who wrote One Hundred Years of Solitude?,Gabriel Garcia Marquez,Gabriel Garcia Marquez,True,author_medium,3,0.9886014461517334,0.9931103587150574,0.9960798621177673,0.9889771342277527
23,Who wrote Things Fall Apart?,Chinua Achebe,Chinua Achebe,True,author_medium,3,0.9878491759300232,0.992655873298645,0.9965969920158386,0.9882497191429138
24,Who wrote The Stranger?,Albert Camus,Albert Camus,True,author_medium,3,0.9873865842819214,0.992543637752533,0.9966815114021301,0.9878162741661072
25,Who wrote The Master and Margarita?,Mikhail Bulgakov,Mikhail Bulgakov,True,author_hard,3,0.9884840250015259,0.9931831359863281,0.9960402846336365,0.9888755679130554
26,Who wrote The Tale of Genji?,Murasaki Shikibu,Murasaki Shikibu,True,author_hard,3,0.9891730546951294,0.9931249618530273,0.9954838156700134,0.9895023107528687
27,Who wrote Invisible Cities?,Italo Calvino,It was written by Italo Calvino.,True,author_hard,3,0.9873265624046326,0.9923031330108643,0.9955676198005676,0.9877414107322693
28,Who wrote The Dispossessed?,Ursula K Le Guin,Ursula K. Le Guin,True,author_hard,3,0.9830598831176758,0.989063024520874,0.993755042552948,0.9835601449012756
29,Who painted the Mona Lisa?,Leonardo da Vinci,Leonardo da Vinci,True,art_easy,3,0.9908836483955383,0.9936289191246033,0.9974012970924377,0.9911124110221863
30,Who painted The Starry Night?,Vincent van Gogh,Vincent Van Gogh,True,art_easy,3,0.9893274903297424,0.9936389923095703,0.9974012970924377,0.9896867275238037
31,Who painted Guernica?,Pablo Picasso,Pablo Picasso,True,art_medium,3,0.9904624819755554,0.9932985305786133,0.9928754568099976,0.9906987547874451
32,Who painted The Persistence of Memory?,Salvador Dali,Salvador Dali,True,art_medium,3,0.9887237548828125,0.9917923808097839,0.9936435222625732,0.9889795780181885
33,Who painted The Birth of Venus?,Sandro Botticelli,Sandro Botticelli,True,art_medium,3,0.9916971325874329,0.9927513599395752,0.9946340322494507,0.991784930229187
34,Who painted Las Meninas?,Diego Velazquez,Diego Velazquez,True,art_hard,3,0.990776538848877,0.9936692118644714,0.9965622425079346,0.9910176396369934
35,Who painted The Night Watch?,Rembrandt,Rembrandt,True,art_hard,3,0.9875532984733582,0.9927945733070374,0.9966038465499878,0.9879899621009827
36,Who painted The Kiss?,Gustav Klimt,Gustav Klimt,True,art_hard,3,0.9879210591316223,0.9928162693977356,0.997613787651062,0.9883289933204651
37,What is the chemical symbol for gold?,Au,Au,True,chemistry_easy,3,0.9903916120529175,0.9869139194488525,0.9992280602455139,0.9901018738746643
38,What is the chemical symbol for water?,H2O,H2O,True,chemistry_easy,3,0.9878082871437073,0.9832871556282043,0.9995193481445312,0.9874316453933716
39,What is the chemical symbol for sodium?,Na,Na,True,chemistry_easy,3,0.987395703792572,0.9828113913536072,0.9995107650756836,0.9870136380195618
40,What is the chemical symbol for potassium?,K,K,True,chemistry_easy,3,0.9879915118217468,0.983622133731842,0.9995113015174866,0.9876274466514587
41,What is the chemical symbol for tungsten?,W,W,True,chemistry_medium,3,0.9885241389274597,0.9845198392868042,0.9991747736930847,0.9881904125213623
42,What is the chemical symbol for silver?,Ag,Ag,True,chemistry_medium,3,0.9894863367080688,0.985744059085846,0.9994215369224548,0.9891744256019592
43,What is the chemical symbol for lead?,Pb,Pb,True,chemistry_medium,3,0.9897515177726746,0.9862400889396667,0.999284565448761,0.9894589185714722
44,What is the chemical symbol for mercury?,Hg,Hg,True,chemistry_medium,3,0.9880949854850769,0.9835665822029114,0.9993391036987305,0.9877175092697144
45,What is the chemical symbol for antimony?,Sb,Sb,True,chemistry_hard,3,0.9886932969093323,0.984476625919342,0.9992138743400574,0.9883418679237366
46,What is the chemical symbol for tin?,Sn,Sn,True,chemistry_hard,3,0.9896361231803894,0.9860369563102722,0.9992138743400574,0.9893361330032349
47,What planet is known as the Red Planet?,Mars,Mars,True,science_easy,3,0.9920894503593445,0.9913565516471863,0.9930842518806458,0.9920283555984497
48,What is the largest planet in the Solar System?,Jupiter,Jupiter,True,science_easy,3,0.989870011806488,0.9864380359649658,0.9962970018386841,0.9895840287208557
49,What gas do plants absorb from the atmosphere?,carbon dioxide,Carbon dioxide,True,science_easy,3,0.9894062876701355,0.9862997531890869,0.9955540895462036,0.9891474843025208
50,What is the closest planet to the Sun?,Mercury,Mercury,True,science_easy,3,0.9896811842918396,0.9860451221466064,0.9965375661849976,0.9893783330917358
51,What is the hardest natural substance?,diamond,Diamond,True,science_medium,3,0.9902749061584473,0.9873241782188416,0.9944294095039368,0.9900290369987488
52,What is the SI unit of electric current?,ampere,Ampere,True,physics_medium,3,0.9839634895324707,0.978724479675293,0.9891773462295532,0.9835270047187805
53,Who developed the theory of relativity?,Albert Einstein,Albert Einstein,True,physics_easy,3,0.9903447031974792,0.9882530570030212,0.997402548789978,0.990170419216156
54,What is the atomic number of carbon?,6,6,True,science_easy,3,0.9852486848831177,0.9796848297119141,0.9952117204666138,0.9847850203514099
55,What is the atomic number of oxygen?,8,8,True,science_easy,3,0.9846276044845581,0.9787675142288208,0.9948461651802063,0.9841392040252686
56,What is the atomic number of iron?,26,26,True,science_medium,3,0.9860497117042542,0.9806373119354248,0.9927310943603516,0.9855986833572388
57,What is the atomic number of gold?,79,79,True,science_medium,3,0.9875293970108032,0.9827086329460144,0.9934602379798889,0.9871276617050171
58,What is the atomic number of uranium?,92,92,True,science_medium,3,0.985777735710144,0.9804375767707825,0.9923818707466125,0.9853328466415405
59,What is the capital of Nauru?,Yaren,Yaren,True,capital_very_hard,3,0.9928602576255798,0.9911828637123108,0.9974824786186218,0.9927205443382263
60,What is the capital of Tuvalu?,Funafuti,Funafuti,True,capital_very_hard,3,0.9919171333312988,0.9892409443855286,0.996645987033844,0.9916941523551941
61,What is the capital of Kiribati?,South Tarawa,Tarawa,True,capital_very_hard,3,0.9926058053970337,0.9910743236541748,0.9975861310958862,0.99247807264328
62,What is the capital of Palau?,Ngerulmud,Ngerulmud,True,capital_very_hard,3,0.992804765701294,0.9905052185058594,0.9971827864646912,0.9926131367683411
63,What is the capital of Micronesia?,Palikir,Palikir,True,capital_very_hard,3,0.9932281970977783,0.9928372502326965,0.996681809425354,0.993195652961731
64,What is the capital of Comoros?,Moroni,Moroni,True,capital_very_hard,3,0.9926558136940002,0.9907706379890442,0.9970646500587463,0.9924987554550171
65,What is the capital of Eritrea?,Asmara,Asmara,True,capital_very_hard,3,0.9911225438117981,0.9897200465202332,0.9963773488998413,0.9910056591033936
66,What is the capital of Timor-Leste?,Dili,Dili,True,capital_very_hard,3,0.9898311495780945,0.9901977181434631,0.994611918926239,0.9898617267608643
67,Who wrote Pedro Paramo?,Juan Rulfo,Juan Rulfo,True,author_very_hard,3,0.9894842505455017,0.9931347966194153,0.995724081993103,0.9897884726524353
68,Who wrote The Book of Disquiet?,Fernando Pessoa,Fernando Pessoa,True,author_very_hard,3,0.9893069267272949,0.9935082197189331,0.99627685546875,0.9896569848060608
69,Who wrote Season of Migration to the North?,Tayeb Salih,Wole Soyinka,False,author_very_hard,3,0.9915022850036621,0.9880973100662231,0.9950767159461975,0.9883494973182678
70,Who wrote The Leopard?,Giuseppe Tomasi di Lampedusa,Giuseppe Tomasi di Lampedusa,True,author_very_hard,3,0.9878112077713013,0.9929080605506897,0.9966306090354919,0.9882359504699707
71,Who painted The Garden of Earthly Delights?,Hieronymus Bosch,Hieronymus Bosch,True,art_very_hard,3,0.9911944270133972,0.9922809600830078,0.993842601776123,0.9912850260734558
72,Who painted The Arnolfini Portrait?,Jan van Eyck,Jan van Eyck,True,art_very_hard,3,0.9867850542068481,0.9917392730712891,0.9948419332504272,0.9871978759765625
73,Who painted The Raft of the Medusa?,Theodore Gericault,Theodore Gericault,True,art_very_hard,3,0.9909673929214478,0.9936241507530212,0.9956236481666565,0.9911888837814331
74,Who discovered penicillin?,Alexander Fleming,Alexander Fleming,True,science_medium,3,0.9906992316246033,0.9909051060676575,0.9927414655685425,0.9907164573669434
75,Who discovered the electron?,J J Thomson,J.J. Thomson,True,science_hard,3,0.9884935617446899,0.9853749871253967,0.9975024461746216,0.9882336854934692
76,Who discovered the neutron?,James Chadwick,James Chadwick,True,science_hard,3,0.9915340542793274,0.9900703430175781,0.9975024461746216,0.9914121031761169
77,Who proposed the uncertainty principle?,Werner Heisenberg,Heisenberg,True,physics_medium,3,0.9884108901023865,0.986028254032135,0.9946204423904419,0.9882122874259949
78,Who wrote The Cairo Trilogy?,Naguib Mahfouz,Naguib Mahfouz,True,author_very_hard,3,0.9861326813697815,0.9917119145393372,0.9962625503540039,0.9865975379943848
79,Who wrote The Bridge on the Drina?,Ivo Andric,Ivo Andric,True,author_very_hard,3,0.9872605204582214,0.9921529293060303,0.9953674674034119,0.9876682758331299
80,Who wrote The General in His Labyrinth?,Gabriel Garcia Marquez,John Buchan,False,author_very_hard,3,0.9912671446800232,0.986706018447876,0.9957658052444458,0.9870437979698181
81,Who wrote Ficciones?,Jorge Luis Borges,Jorge Luis Borges,True,author_very_hard,3,0.9893993139266968,0.9924036860466003,0.9940144419670105,0.9896495938301086
82,Who wrote The Blind Owl?,Sadegh Hedayat,Rainer Maria Rilke,False,author_very_hard,3,0.9925262928009033,0.988237202167511,0.9969491958618164,0.9885550141334534
83,Who wrote The Museum of Innocence?,Orhan Pamuk,Orhan Pamuk,True,author_very_hard,3,0.9892202019691467,0.9931352138519287,0.9954116344451904,0.9895464777946472
84,Who wrote The Sound of the Mountain?,Yasunari Kawabata,The Sound of the Mountain was written by the famous Chinese writer Lu Xun.,False,author_very_hard,3,0.9936949610710144,0.9905997514724731,0.9960137009620667,0.9908289313316345
85,Who wrote The Makioka Sisters?,Junichiro Tanizaki,Junichiro Tanizaki,True,author_very_hard,3,0.9865679740905762,0.9921355843544006,0.9967057108879089,0.987031877040863
86,Who wrote The Famished Road?,Ben Okri,Ben Okri,True,author_very_hard,3,0.9817026853561401,0.9888956546783447,0.9944000244140625,0.9823020696640015
87,Who wrote The Palm-Wine Drinkard?,Amos Tutuola,Amos Tutuola,True,author_very_hard,3,0.9847583770751953,0.9906065464019775,0.9951171875,0.9852456450462341
88,Who painted The Third of May 1808?,Francisco Goya,Francisco Goya,True,art_very_hard,3,0.9872754812240601,0.9907495975494385,0.9932360649108887,0.9875651001930237
89,Who painted The Ambassadors?,Hans Holbein,Hans Holbein the Younger,True,art_very_hard,3,0.9910317659378052,0.9942992329597473,0.9960078597068787,0.9913040399551392
90,Who painted The School of Athens?,Raphael,Raphael,True,art_very_hard,3,0.990332841873169,0.9937787652015686,0.9958535432815552,0.990619957447052
91,Who painted The Maids of Honour?,Diego Velazquez,John Everett Millais,False,art_very_hard,3,0.9922776818275452,0.9893840551376343,0.9950564503669739,0.9895983934402466
92,Who painted The Gross Clinic?,Thomas Eakins,Edward Hopper,False,art_very_hard,3,0.992909848690033,0.9904323816299438,0.9947656393051147,0.9906159043312073
93,Who painted Christina's World?,Andrew Wyeth,Andrew Wyeth,True,art_very_hard,3,0.9907515645027161,0.993574857711792,0.9956787824630737,0.9909869432449341
94,Who discovered argon?,Lord Rayleigh,Sir William Ramsay,False,science_very_hard,3,0.9904500842094421,0.9917032718658447,0.9959104657173157,0.9916104674339294
95,Who discovered radium?,Marie Curie,Marie Curie,True,science_medium,3,0.9919978380203247,0.9917376637458801,0.9941059947013855,0.9919762015342712
96,Who discovered the positron?,Carl Anderson,Carl Anderson,True,physics_very_hard,3,0.9909907579421997,0.9896012544631958,0.9975740313529968,0.9908751845359802
97,Who discovered the muon?,Carl Anderson,Wolfgang Pauli,False,physics_very_hard,3,0.9878329634666443,0.9904947876930237,0.9975740313529968,0.9902976751327515
98,Who proposed the exclusion principle?,Wolfgang Pauli,Ernest Rutherford,False,physics_medium,3,0.9885067939758301,0.9898202419281006,0.991622269153595,0.9897229075431824
99,Who formulated the laws of planetary motion?,Johannes Kepler,Kepler,True,physics_easy,3,0.9902039170265198,0.9875481128692627,0.997402548789978,0.9899826049804688
100,Who first proposed continental drift?,Alfred Wegener,Alfred Wegener,True,science_medium,3,0.9922391176223755,0.9930042624473572,0.9922198057174683,0.9923030138015747
101,Who developed the polio vaccine?,Jonas Salk,Jonas Salk,True,science_medium,3,0.9918907880783081,0.9924099445343018,0.9922286868095398,0.9919341206550598
102,Who discovered streptomycin?,Selman Waksman,Selman Waksman,True,science_very_hard,3,0.9907212853431702,0.9914337992668152,0.9959104657173157,0.9907807111740112
103,What is the capital of Lesotho?,Maseru,Maseru,True,capital_hard,3,0.9923859238624573,0.989680826663971,0.9967658519744873,0.9921604990959167
104,What is the capital of Bhutan?,Thimphu,Thimphu,True,capital_hard,3,0.9916155338287354,0.9888395667076111,0.9960310459136963,0.9913841485977173
105,What is the capital of Suriname?,Paramaribo,Paramaribo,True,capital_hard,3,0.9922211170196533,0.9910609126091003,0.9970077276229858,0.9921242594718933
106,What is the capital of Guyana?,Georgetown,Georgetown,True,capital_hard,3,0.9898742437362671,0.9894663691520691,0.9951488375663757,0.9898403286933899
107,What is the capital of Vanuatu?,Port Vila,Port Vila,True,capital_hard,3,0.9924929738044739,0.9914257526397705,0.9970895648002625,0.992404043674469
108,What is the capital of Samoa?,Apia,Apia,True,capital_hard,3,0.9929736256599426,0.9916061758995056,0.9969874024391174,0.9928597211837769
